country,1990,1991,1992,1993,1994,1995,1996,1997,1998,1999,2000,2001,2002,2003,2004,2005,2006,2007,2008,2009,2010,2011,2012,2013,2014,2015,2016,2017,2018,2019,2020,2021,2022,2023,2024,2025,2026,2027,2028,2029,2030
Afghanistan,15.3,15.4,15.4,15.4,15.4,15.5,15.3,15.2,15.1,15.1,15,15.3,15.7,16.1,16.4,16.7,16.2,15.8,15.4,15.2,15.2,15.8,16.6,17.5,18.5,19.5,20.2,20.3,20.3,20.4,20.4,20.5,20.5,20.6,20.6,20.6,20.7,20.7,20.7,20.7,20.8
Albania,58,60.1,60.4,59.8,59.2,58.3,57.8,58.5,58,57.2,56.8,56.3,56,55.3,54.5,53.8,53.4,53,52.7,51.5,52.7,54.2,55.7,51.4,51.9,55.7,55.6,55.6,55.7,55.9,56.1,56.5,56.9,57.3,57.7,58,58.3,58.5,58.6,58.7,58.8
Algeria,12.3,12.3,12.3,12.4,12.5,12.6,12.6,12.6,12.6,12.6,12.7,12.8,13,13.2,13.5,13.8,14.1,14.5,14.9,15.3,15.5,16.5,17.5,18.3,16.7,16.6,16.5,16.7,16.9,17,17,17,17,16.9,16.8,16.7,16.6,16.5,16.4,16.4,16.4
Angola,76.2,76.2,76,75.8,75.7,75.7,75.7,75.7,75.8,75.7,75.7,75.8,75.7,75.7,75.8,75.8,75.9,76.1,76.2,76.2,76.2,76.3,76.3,76.4,76.4,76.3,76.3,76.3,76.3,76.3,76.3,76.3,76.3,76.3,76.3,76.3,76.4,76.5,76.5,76.6,76.8
Argentina,50.8,51.6,52.5,53.1,53.7,53.7,54.3,55.2,55.9,55.9,56.2,56.2,55.7,56.7,57.7,56.7,57.3,56.5,55.7,56.4,53.7,55.7,56.1,55.7,54.9,55.3,55.3,55.3,55.3,55.3,55.3,55.3,55.3,55.3,55.4,55.4,55.4,55.4,55.4,55.4,55.3
Armenia,52.2,52.5,52.8,53,53.2,53.3,53.3,53.3,53.2,53.1,53.1,53,53,53.1,53.1,53.1,53.1,53.2,53.2,53.4,54.8,57.8,57.8,58.7,58,57.2,57.3,57.7,58.1,58.5,58.8,59.2,59.5,59.8,60.2,60.5,60.8,61.2,61.5,61.8,62.1
Australia,61.9,61.7,61.8,61.7,62.8,64.1,64.3,64.1,64.2,64.2,65.3,66,66.2,67.1,66.8,68.2,68.9,69.4,70,70.1,70,70.4,70.3,70.4,70.5,71.2,71.6,71.8,72,72.1,72.3,72.5,72.6,72.8,73,73.2,73.4,73.6,73.8,74.1,74.3
Austria,55.2,56,57.7,58.5,61.2,62.3,61.8,61.7,62.2,62.4,62.3,62.1,63.9,64,63.1,64.8,65.6,66.7,67.6,68.6,68.9,69.5,70.3,70.8,70.9,71,71.7,71.8,71.8,71.9,71.9,72,72.1,72.2,72.3,72.4,72.6,72.8,73,73.3,73.7
Azerbaijan,56.6,56.8,57.8,58.9,59.9,60.6,60.8,60.8,60.7,60.6,62,63.3,64.5,65.5,66.5,67.4,68.2,69,68.4,67.7,66.9,66.1,66.4,66.7,67.4,67.9,68.5,68.6,68.7,68.9,69,69.1,69.2,69.3,69.3,69.4,69.5,69.5,69.5,69.6,69.7
Bahamas,68.7,69.7,70.6,71.6,72.5,72.8,73.1,73.3,73.6,74.1,74.3,74.7,75.1,75.2,75.4,75.7,75.9,76.1,76.2,76.2,76.5,76.5,76.8,77,77.1,77.2,77.4,77.9,78.5,79,79.4,79.7,79.8,79.9,80,80.1,80.2,80.3,80.4,80.6,80.7
Bahrain,29.9,30.1,30.7,31.4,32.2,33,33.6,34.1,34.7,35.4,36.2,36.9,37.6,38.5,39.4,40.4,41.1,42,43,44.1,45.2,44.5,44.7,44.9,45.1,45.3,45.4,45.6,45.8,46.1,46.3,46.2,46.1,46.1,46.3,46.6,46.7,46.9,47.2,47.5,47.9
Bangladesh,23.8,23.9,24.1,24.4,24.7,25.1,25.5,26,26.6,27.1,27.6,27.9,28.2,28.5,28.7,29,29,29.6,30.1,30.7,31.2,31.8,32.4,32.9,33.5,34,34.6,34.8,34.9,35.1,35.2,35.4,35.6,35.8,35.9,36.1,36.3,36.5,36.6,36.8,37
Barbados,71.8,71,71.8,72.9,73.9,75.1,76.1,75.2,75.1,75.1,75,75,75.1,75.2,75.8,75.8,75.7,75.6,75.5,75.3,75.2,75.3,73.9,75.3,74.5,74.4,75.2,75.2,75.1,75.1,75,75,75.1,75.1,75.2,75.2,75.3,75.4,75.4,75.5,75.6
Belarus,64.5,64.5,64.6,64.7,64.9,65.2,65.4,65.6,65.7,66,66.7,67.5,68.3,69.1,69.8,70.4,70.8,71.2,71.5,71.8,72.2,72.6,73,73.5,73.9,74.3,74.6,74.7,74.7,74.8,74.8,74.9,75,75.1,75.2,75.3,75.3,75.4,75.5,75.6,75.7
Belgium,46.2,48.2,49.3,50.3,51.2,51.8,52.1,52.9,53.8,55.9,56.5,54.3,55.2,55.6,57.4,59.3,59.4,60.4,60.8,60.8,61.7,60.9,61.1,62.1,62.9,63,62.9,63.2,63.4,63.6,63.8,63.9,64.1,64.2,64.4,64.5,64.8,65,65.2,65.5,65.8
Belize,36.5,37.1,37.8,38.1,37.8,38,38.3,39.2,40.2,41.3,42.4,43.5,44.6,45.7,46.8,47.9,49.3,50.6,52,53.4,54.8,55.9,56.9,56.2,55.5,54.8,54.9,55.5,56,56.6,57.2,57.8,58.4,59.1,59.7,60.2,60.8,61.3,61.8,62.3,62.8
Benin,58.7,58.7,58.7,59.6,60.4,61.3,62.1,62.9,63.7,64.5,65.3,66,66.8,67.5,68.1,68.7,69.2,69.7,70.1,70.4,70.7,69.5,69.5,69.6,69.7,69.8,69.9,70.1,70.3,70.5,70.7,70.9,71.1,71.3,71.5,71.7,71.9,72.1,72.3,72.6,72.8
Bhutan,53,52.6,52.3,52.1,51.9,51.6,52.4,53.3,54.4,55.6,57.1,59.6,62,64.3,66.1,67.4,68.3,68.9,69.2,69.3,66.5,64,65.6,60.1,56.9,60.1,59.9,60.4,61,61.5,61.9,62.4,62.8,63.1,63.5,63.9,64.3,64.7,65.1,65.6,66
Bolivia,57.5,58,58.2,58.6,59,59.5,59.9,60.4,60.6,60.9,61.1,61.7,62.4,63,63.6,64.3,64.9,62.5,64.2,64.5,64.2,63.9,60.1,60.6,62.8,56.1,56.6,56.8,56.9,57.1,57.3,57.4,57.6,57.8,58,58.2,58.4,58.7,58.9,59.1,59.3
Bosnia and Herzegovina,45.8,45.8,45.7,45.6,45.4,45.3,45.3,45.3,45.4,45.4,45.4,45.5,45.6,45.7,45.8,45.7,45.7,45.5,45.4,45.2,45,44.9,44.7,44.6,44.5,44.4,44.1,44.3,44.4,44.6,44.7,44.8,44.8,44.9,44.9,44.9,44.9,45,45,45,44.9
Botswana,49.7,49.9,50.1,50.3,50.5,50.8,51,51.3,51.5,51.2,51,52,53.1,54.2,55.3,56.4,57.5,57.9,58.2,58.5,55.7,59.7,63.5,67.1,67.4,67.7,68,68.4,68.9,69.3,69.7,70,70.4,70.7,71,71.2,71.4,71.6,71.8,72,72.2
Brazil,44.9,45.9,46.9,47.9,48.9,49.9,50.8,51.8,52.8,53.8,54.8,55.8,57.4,58,59.2,59.9,60.5,60.3,60.7,61,59.7,58.3,58.4,58.5,58.5,59.3,59.4,59.5,59.7,59.8,59.9,60,60.1,60.2,60.3,60.4,60.5,60.6,60.7,60.8,60.9
Brunei,47.6,48,49,50,51.1,52.3,53.3,54.3,55.4,56.6,57.8,58.3,58.3,58.4,58.7,59,59.3,59.6,59.9,60.3,60.7,61.2,61.7,62.2,62.7,62.4,62.1,62.3,62.5,62.6,62.9,63.1,63.4,63.7,63.9,64.1,64.2,64.3,64.3,64.3,64.4
Bulgaria,65.8,66.1,66.4,65.4,64.3,63.2,62,60.7,59.4,57.9,56.1,59.7,59.2,57.3,58.6,57.5,60.4,62.1,63,62.3,62.2,62,63.1,64.5,65,65.4,64.7,65.1,65.4,65.7,66,66.1,66.2,66.3,66.3,66.4,66.5,66.6,66.8,66.9,67.1
Burkina Faso,79,79.1,78.2,77.3,76.3,75.3,74.3,73.3,72.2,71.1,70,68.8,67.6,66.4,65.2,63.9,62.6,62.3,61.9,61.6,61.2,60.8,60.5,60.1,59.8,59.8,59.9,59.7,59.4,59.2,59,58.7,58.5,58.3,58,57.8,57.6,57.4,57.2,57,56.8
Burundi,91.9,91.5,91.1,90.5,89.9,89.2,88.5,87.7,86.9,86.3,85.6,85.1,84.6,84.1,83.7,83.2,82.8,82.4,82.1,81.7,81.5,81.3,81.1,80.9,80.7,81.1,81.3,81.5,81.5,81.6,81.6,81.5,81.4,81.3,81.1,80.9,80.8,80.6,80.5,80.3,80.2
Cambodia,80.6,80.6,80.7,80.9,80.9,80.8,80.6,80.8,80.9,81,79.9,84.8,83,80.9,78.2,79.4,80.5,81.5,82.5,83.4,84.3,84,83.8,83.5,83.3,83.2,83.1,83.4,83.8,84.1,84.4,84.6,84.8,84.9,85.1,85.2,85.4,85.6,85.8,86,86.2
Cameroon,72.5,72.4,72.3,72.2,72.1,72,72,71.9,71.8,71.7,71.6,71.5,71.4,71.4,71.3,71.3,71.3,71.3,71.4,71.4,71.5,71.6,71.7,71.8,72,72,72.1,72.2,72.3,72.3,72.4,72.4,72.4,72.5,72.5,72.6,72.6,72.7,72.7,72.8,72.9
Canada,68.4,68.5,68,67.8,67.8,67.8,67.8,68.2,69,69.7,70.4,70.7,72.1,73.3,73.4,73,73.3,74.2,74.2,74.2,74.3,74.1,74.3,74.6,74.2,74.1,74.4,74.6,74.8,75,75.2,75.3,75.5,75.7,75.8,76.1,76.3,76.6,76.9,77.2,77.5
Cape Verde,45,45,45.2,45.3,45.6,45.8,46,46.1,46.3,46.5,46.7,46.9,47.2,47.4,47.7,47.9,48.3,48.8,49.2,49.5,49.9,50.3,50.6,51,51.5,51.9,52.5,52.9,53.4,53.9,54.3,54.8,55.2,55.6,56,56.4,56.8,57.2,57.5,57.8,58.1
Central African Republic,66.2,66.1,66,66,66,66,65.9,65.9,65.9,65.9,65.8,65.8,65.7,65.7,65.7,65.6,65.7,65.7,65.7,65.7,65.7,65.7,65.6,65.2,65,64.9,64.9,64.8,64.8,64.7,64.7,64.7,64.8,64.8,64.9,65,65.1,65.2,65.2,65.3,65.4
Chad,65.5,65.5,65.5,65.3,65.3,65.2,65.2,65.1,65.1,65.1,65,65,65,65.1,65.3,65.3,65.3,65.3,65.3,65.2,65.3,65.3,65.3,65.3,65.3,65.3,65.2,65.2,65.3,65.3,65.4,65.4,65.5,65.6,65.6,65.7,65.8,65.9,66,66.1,66.2
Chile,35.1,34.9,37.1,38.8,39,37.8,38.2,39.2,40.1,40.5,39.5,39.4,39.5,40.7,43.4,42.9,43.8,46.4,48.3,48.9,52.9,54.9,55.3,55.7,56.4,56.6,57,57.5,57.9,58.4,58.8,59.2,59.6,60,60.3,60.7,61.1,61.5,61.9,62.3,62.7
China,79.4,79.3,79.1,79,78.8,78.6,78.4,78.1,77.7,77.3,76.8,76,75.1,74.2,73.3,72.5,71.8,71.2,70.7,70.2,69.6,69.5,69.4,69.3,69.2,69.1,69,68.8,68.6,68.3,67.9,67.5,67,66.6,66.1,65.7,65.3,64.9,64.6,64.4,64.2
Colombia,31.6,32.2,32.8,33.4,34.9,36.4,38,39.5,41.1,42.7,44.4,46,47.7,49.3,51,52.6,54.2,55.8,57.4,59,60,61.3,62.6,63,62.7,63.6,63.4,63.8,64.2,64.5,64.9,65.3,65.6,66,66.4,66.8,67.2,67.6,68,68.4,68.8
Comoros,32.3,32.3,32.4,32.4,32.4,32.5,32.6,32.7,32.8,32.9,33.2,33.3,33.5,33.7,33.9,34.2,34.4,34.6,34.8,35.1,35.3,35.5,35.8,36,36.3,36.5,36.7,36.9,37.2,37.4,37.6,37.7,37.9,38.1,38.3,38.4,38.6,38.8,38.9,39.1,39.2
"Congo, Dem. Rep.",72.8,72.7,72.6,72.5,72.4,72.4,72.3,72.3,72.2,72.1,72.1,72,72,72,72,72,72,72,72,72,72.1,72.1,72.1,72.2,72.2,72.2,72.2,72.2,72.2,72.2,72.1,72.1,72.1,72.1,72.1,72.1,72.1,72.1,72.1,72.2,72.2
"Congo, Rep.",66.9,66.9,66.8,66.8,66.8,66.8,66.8,66.9,67,67,67.2,67.3,67.4,67.5,67.7,67.9,68,68.2,68.3,68.5,68.7,68.8,68.8,68.8,68.8,68.7,68.6,68.6,68.5,68.4,68.3,68.3,68.2,68.1,68,68,67.9,67.9,67.9,68,68.1
Costa Rica,35.2,36,35.5,36.5,37.8,38.8,37.3,40.5,43.1,43.3,41.8,45.3,45.7,45.1,44.7,48.8,48.5,50,50.4,50.9,48.7,51.1,50.8,51.8,54.8,54.5,50.7,51.2,51.7,52.2,52.7,53.2,53.7,54.1,54.6,55,55.5,56,56.5,57,57.5
Cote d'Ivoire,49.1,49.1,49,49,49,49,49.1,49.1,49.1,49.1,49,49.1,49.1,49.1,49.1,49.1,49.1,49.1,49.1,49,49,49,49,49,49,49,49,49.1,49.2,49.3,49.4,49.5,49.6,49.7,49.8,50,50.1,50.2,50.3,50.4,50.5
Croatia,55.5,55.3,55.4,55.5,55.5,55.6,55.7,55.9,56.1,56.3,56.6,56.8,56.5,56.6,58.3,58.9,58.9,58.3,58.8,60.1,59.6,57.7,58,58.6,61.4,62.4,61,61.3,61.6,61.9,62.1,62.4,62.6,62.7,62.9,63.1,63.3,63.5,63.7,64,64.2
Cuba,40.5,39.9,39.3,38.3,38.5,38.8,39.5,39.7,39.7,40.1,40.6,41,41.3,41.8,42.4,44.3,46.3,48,48.9,50.3,50,50.2,50.3,50.4,50.3,50.4,50.2,50.4,50.6,50.7,50.7,50.8,50.7,50.6,50.6,50.6,50.7,50.8,51,51.3,51.5
Cyprus,53.4,54,54.7,54,55.7,54.6,55.1,57.1,56.7,56.7,57.4,60.3,61,62.4,62.4,61.7,62.9,64.1,64.6,65.3,66.8,66.1,65.8,66.3,68.5,68.8,69.3,69.6,69.8,70,70.2,70.5,70.7,70.9,71,71.2,71.4,71.5,71.7,71.8,72
Czech Republic,63.4,63.8,63.9,64,64.4,64,63.4,63.3,63.6,63.9,63.6,63.1,62.7,62.8,62.3,62.5,62.4,61.6,61.1,61.5,61.5,62.1,63.4,65,65.6,66.6,67.8,68.2,68.5,68.8,68.9,69,68.9,68.7,68.6,68.5,68.4,68.4,68.5,68.5,68.4
Denmark,77.6,78.1,78.2,77.4,73.3,73.3,73.4,73.9,74.8,75.5,75.4,74.7,75.4,74.4,75.8,75.8,76.8,76.6,77.1,76.8,76,75.9,75.5,75.4,74.9,75.3,77.3,77.3,77.3,77.3,77.3,77.2,77.2,77.2,77.2,77.2,77.2,77.2,77.3,77.3,77.4
Djibouti,48.4,48.3,48.3,48.3,48.3,48.3,48.4,48.4,48.5,48.6,48.7,48.7,48.8,48.9,49.1,49.2,49.4,49.5,49.7,50,50.2,50.6,51,51.4,51.8,52.2,52.4,52.6,52.7,52.8,52.9,53.1,53.3,53.5,53.7,53.9,54,54.2,54.3,54.4,54.6
Dominican Republic,46.2,46.2,47.1,47.6,47.7,48.2,48.8,49.5,50.1,50.7,51.2,51.4,51.9,51.9,52.1,52.8,53.7,54.4,52.6,50.8,53.4,55.4,56.1,56.7,57.6,58.4,58.9,59.1,59.2,59.3,59.4,59.6,59.7,59.9,60,60.2,60.4,60.6,60.7,60.9,61.1
Ecuador,47.3,48,48.5,49.1,49.8,50.4,50.9,51.3,54.9,55.1,55.2,55.4,55.5,57.3,57.4,57.4,58.7,57.7,56.7,55.6,52.7,51.7,53.1,52.3,51.2,55,58.7,58.4,58.1,57.8,57.6,57.3,57,56.6,56.3,56,55.7,55.4,55.1,54.8,54.5
Egypt,23.2,23.2,23.3,23.4,24.4,22.9,22,21.2,20.5,21.5,21.6,21.8,20.5,20.9,21.4,22,22.6,24.5,24.5,24.6,24.5,23.7,23.9,24.7,24.4,24.1,23.9,24.1,24.2,24.4,24.6,24.7,25,25.2,25.3,25.5,25.6,25.7,25.8,26,26.2
El Salvador,41.6,42.2,43,45.2,46.8,45.4,43.9,44.2,47.8,48.3,48.1,47.8,47.6,49.3,47.5,48.4,49.2,49.6,49.7,49.8,49.7,50.1,50.6,51.9,51.4,50.9,50.4,50.8,51.3,51.7,52.2,52.6,53,53.5,53.9,54.3,54.7,55,55.4,55.8,56.1
Equatorial Guinea,51.1,51.1,51.3,51.2,51.3,51.4,51.7,52.5,52.7,53,53.3,53.7,54,54.4,55,55.4,55.6,55.9,56.4,56.8,57.1,57.1,57.2,57.3,57.5,57.7,57.3,57.2,57.2,57.3,57.6,57.4,57.3,57.2,57.3,57.3,57.4,57.5,57.6,57.7,57.9
Eritrea,77.6,77.5,77.4,77.3,77.2,77.1,77.1,77.1,77.1,77,76.8,76.7,76.6,76.5,76.5,76.5,76.7,77,77.1,77.4,77.6,77.9,78.1,78.2,78.4,78.4,78.4,78.4,78.4,78.4,78.3,78.3,78.3,78.2,78.2,78.2,78.3,78.3,78.4,78.5,78.5
Estonia,66.5,66.5,66.5,66.5,66.5,66.5,66.6,66.9,66.4,65.2,66.1,65.6,64.1,66.3,67.6,67.9,69.6,68.9,70.3,70.6,71.2,71.6,71.6,72,71.5,73.2,73.4,73.7,73.8,73.9,73.9,73.9,73.9,73.8,73.8,73.9,74,74.3,74.6,75,75.2
Ethiopia,67.9,67.9,67.8,67.8,67.8,69.2,70.5,71.8,73,74.2,75.4,76.6,77.7,78.8,79.9,80.8,80.7,80.6,80.4,80.3,80.1,80,79.9,79.7,79.7,79.7,79.6,79.8,80,80.3,80.5,80.7,81,81.3,81.5,81.7,82,82.2,82.4,82.6,82.8
Fiji,40.8,40.9,40.7,40.7,40.5,40.4,40.3,40.1,39.9,39.7,39.5,39.5,39.5,39.5,39.5,39.4,39.2,39.1,39.6,40.2,40.9,41.6,42.3,43,43.7,43.6,43.6,43.7,43.7,43.8,43.8,43.8,43.8,43.7,43.7,43.8,43.8,44,44.1,44.3,44.4
Finland,73.4,72,70.7,69.9,69.1,69.1,69.3,69.7,69.9,71.5,71.6,72.2,72.7,72.4,72.4,72.7,73.2,73.8,73.9,73.5,72.6,72.6,73.2,73.3,73.9,74.4,74.1,74.3,74.5,74.6,74.8,74.9,75,75,75.1,75.2,75.4,75.5,75.7,75.9,76.1
France,57.8,58.2,58.8,59.5,59.9,60.5,61.2,60.9,61.5,62.1,62.4,62.1,62.4,64.1,64,64.5,64.6,64.9,65.1,65.6,65.7,65.6,66.1,66.8,67,67.2,67.4,67.6,67.8,68,68.2,68.3,68.5,68.7,68.9,69.1,69.4,69.7,69.9,70.2,70.5
Gabon,38.6,38.4,38.2,38.2,38.1,38.2,38.2,38.3,38.5,38.5,38.7,38.9,39.1,39.3,39.6,39.9,40.3,40.7,41.1,41.5,42,42.5,42.9,43.4,43.9,44.4,44.6,44.9,45.2,45.5,45.8,46,46.1,46.2,46.3,46.3,46.3,46.3,46.3,46.3,46.3
Gambia,45.8,45.9,45.9,45.9,46.2,46.4,46.7,46.9,47.2,47.4,47.7,48.1,48.5,48.9,49.2,49.6,50,50.4,50.8,51.1,51.5,51.8,52.1,52.1,52.1,52.2,52.2,52.4,52.6,52.7,52.9,53.1,53.2,53.4,53.6,53.8,53.9,54.1,54.3,54.5,54.7
Georgia,61,61.5,62,62.6,63.2,63,62.3,61.7,61.5,61.3,57.3,60.5,58.5,60.3,59,58.4,58.4,58.5,58.6,58.8,61.4,62.3,62.7,62.3,62.6,64.4,62.8,63.2,63.5,63.8,64.1,64.2,64.3,64.3,64.3,64.3,64.3,64.2,64.2,64.2,64.2
Germany,57.8,61.5,61.4,60.8,61.6,61.5,61.6,62.2,62.5,63.3,63.5,64.1,64.7,65.6,65.7,67.1,68.4,69.3,69.7,70.4,70.9,72,72,72.7,72.9,73.1,73.6,73.8,74,74.2,74.4,74.6,74.8,75,75.2,75.5,75.7,75.9,76.1,76.3,76.6
Ghana,73.5,73.5,73.6,73.6,73.7,73.7,73.7,73.8,73.8,73.9,73.9,74,74.1,74.2,74.4,74.5,74.7,74.8,75,75.2,75.3,75.5,75.7,75.8,75.9,76,76.1,76.3,76.5,76.6,76.8,76.9,77,77.1,77.3,77.3,77.4,77.5,77.6,77.7,77.8
Greece,43.4,41.1,42.7,42.9,43.9,45,46.6,47.1,49.3,50.9,51.1,50.2,51.5,52.6,54.6,54.8,55.5,55.5,55.6,57,57.9,57.9,58.7,58.9,59.3,60.3,60.7,60.7,60.6,60.6,60.5,60.4,60.3,60.2,60.2,60.1,60.1,60.1,60.2,60.2,60.4
Guatemala,40.3,40.5,40.7,40.9,41.1,41.5,41.6,42,42.4,42.7,43,43.3,43.6,43.8,44.2,46.7,49.3,47.9,46.6,45.2,43.8,42.5,48.8,42.5,42.6,41,42.5,42.6,42.6,42.6,42.7,42.7,42.8,42.9,42.9,43,43,43,43,43.1,43.1
Guinea,65.5,65.5,65.4,65.3,65.3,65.3,65.2,65.2,65.2,65.2,65.2,65.2,65.2,65.1,65.1,65.1,65.1,65.1,65.1,65.1,65.1,65.1,65.1,65.1,65.1,65.1,65.2,65.2,65.3,65.3,65.4,65.4,65.5,65.5,65.6,65.7,65.7,65.8,65.9,66,66
Guinea-Bissau,66.4,66.4,66.3,66.3,66.3,66.3,66.2,66.1,65.7,65.6,65.6,65.6,65.5,65.5,65.5,65.5,65.6,65.6,65.7,65.8,65.9,66.1,66.1,66.3,66.4,66.6,66.7,66.9,67,67.2,67.3,67.4,67.5,67.6,67.6,67.7,67.8,67.8,67.9,68,68.1
Guyana,39.1,39.8,40.6,41.2,40.6,40,39.5,39,38.5,38,37.5,37,36.4,36.1,36.3,36.2,36.9,37.9,38.4,39,39.5,40.3,41.1,41.9,42.5,43.1,43.5,43.8,44,44.2,44.4,44.7,44.9,45.2,45.4,45.6,45.8,46,46.1,46.3,46.4
Haiti,58.3,58.5,58.6,58.7,58.8,58.8,58.8,58.7,58.6,58.5,58.5,58.8,59,59.4,59.7,60.1,60.5,61,61.4,61.9,61.8,62.5,63,63.7,64.2,64.6,65,65.3,65.7,66,66.4,66.7,67,67.3,67.7,68,68.3,68.6,69,69.3,69.6
Honduras,44.5,44.8,45.3,45.9,45.8,46.3,46.7,47.4,47.9,47.9,46.2,44.7,42.9,41.2,39.5,37.9,42.1,42.8,43.6,44.3,46,44,42.1,45.3,48.6,52.2,52.8,52.9,53,53.1,53.2,53.3,53.4,53.6,53.7,53.9,54,54.2,54.3,54.5,54.6
Hungary,57.5,57.5,57.4,55,52.7,50.4,49.6,48.6,50.4,51.7,52,51.9,52.3,53.6,53.5,54.8,55.3,54.9,54.7,54.9,56.2,56.5,57.8,58.2,60.3,61.9,63.3,63.7,64.3,64.8,65.3,65.8,66.2,66.6,66.9,67.1,67.3,67.5,67.5,67.6,67.6
Iceland,76.5,76.3,77.7,78.2,78.9,81.6,79.9,78.8,81,83.1,85.8,84.6,83.5,83.4,83.1,82.5,83.2,82.6,81.6,81,81.6,81.5,82.4,83.3,84.4,85.7,86.2,86.1,85.9,85.8,85.7,85.6,85.5,85.4,85.3,85.2,85.1,85.1,85,85,84.9
India,36.8,36.9,37,37.2,37.4,37.2,36.9,36.6,36.3,36,35.7,36.3,36.9,37.5,38.2,38.8,36.9,35.1,33.4,31.7,30.1,29.2,28.3,28.4,28.6,28.7,28.9,28.7,28.5,28.3,28,27.8,27.6,27.4,27.2,26.9,26.7,26.5,26.3,26.1,25.9
Indonesia,45.8,48,50.1,50.3,50.4,50.6,50.8,51,51.9,52.7,52.6,52.5,52.4,52.2,52.1,51.9,52.3,52.7,53.1,53.1,53.8,53.5,53.1,52.8,52.6,50.9,52.9,52.9,52.9,52.9,52.9,52.9,52.9,53,53,53,53,53,53,52.9,52.9
Iran,10.2,10.3,10.4,10.6,10.8,11,11.2,12,12.8,13.7,14.6,15.6,16.7,17.8,19.1,20.4,19.5,18.6,16.3,17.1,16.8,16.1,15.5,15,14.5,16,18.1,17.9,17.7,17.5,17.2,16.9,16.6,16.3,16,15.6,15.3,14.9,14.6,14.2,13.9
Iraq,8.59,8.65,8.72,8.79,8.86,8.93,9.02,9.11,9.73,10.4,11.1,11.8,12.6,13.4,14.3,15.3,16.5,17.7,19.1,19.1,19.1,19.2,19.3,19.3,19.3,19.4,19.5,19.8,20.1,20.3,20.6,20.8,21.1,21.3,21.6,21.8,22,22.2,22.5,22.7,22.9
Ireland,42.5,43.4,43.5,45.3,46.6,47.1,48.8,49.8,52.2,54.4,55.6,55.9,57.2,57.7,58.2,60.9,61.8,63.2,63.2,62.6,62.1,62,62.1,62.8,62.7,62.8,63.8,63.8,63.7,63.7,63.6,63.5,63.3,63.2,63.2,63.2,63.2,63.3,63.5,63.7,63.9
Israel,52.6,53.4,55,56.4,58.3,59.3,59.3,59.2,59.4,60.9,62.2,62.3,61.8,62.9,63.4,64,64.6,65.2,65.2,66.1,66.4,66.1,67.2,67.4,68.5,68.4,68.9,69,69.2,69.4,69.6,69.7,69.8,70,70.1,70.2,70.3,70.3,70.4,70.5,70.7
Italy,43.8,44.5,42.7,42.3,42.5,42.7,43.3,43.8,44.6,45.5,46.2,47.1,48,48.8,50.7,50.4,50.7,50.5,51.4,50.9,50.9,51.3,53.2,53.3,54.1,53.8,54.9,55,55,55.1,55.1,55.1,55.1,55.2,55.2,55.3,55.4,55.5,55.7,55.9,56.1
Jamaica,64.5,65.4,66.1,67.1,67.8,66.8,65.4,63.8,61.9,61.6,61.3,61.1,61,60.9,60.7,61,61.3,61.5,61.6,61.5,61.6,61.9,62,62.3,62.5,62.7,63.1,63.6,64,64.4,64.8,65.2,65.5,65.9,66.2,66.5,66.8,67.1,67.5,67.7,67.8
Japan,57.1,57.9,58.3,58.2,58.4,58.5,58.9,59.7,59.8,59.5,59.5,60,59.7,60,60.1,60.7,61.1,61.7,62.1,62.8,63.2,63.2,63.6,65.1,66.1,66.8,68.1,68.4,68.7,69,69.2,69.4,69.6,69.8,69.9,70.1,70.2,70.3,70.4,70.6,70.7
Jordan,11.3,11.6,12,12.3,12.7,13,13.1,13.2,13.2,13.3,13.4,13,13.6,12.6,12.7,12.9,13.3,16.1,15.7,16.5,16.3,16.2,15.8,14.8,14.8,14.8,14.8,14.9,15,15,15.1,15.1,15.2,15.2,15.3,15.3,15.4,15.4,15.5,15.6,15.6
Kazakhstan,72.3,72.4,72.5,72.7,73,73.1,73.1,72.9,72.9,72.8,72.6,72.5,72.6,72.6,72.1,72.5,72.8,73.1,73.5,72.7,72.9,73,73.2,73.3,73.4,73.2,73.4,73.7,73.9,73.9,73.8,73.5,73,72.4,71.8,71.3,70.9,70.6,70.4,70.2,70.2
Kenya,71.4,71.4,71.3,71.3,71.2,71.2,71.2,71.1,71.1,71.1,69.5,67.8,66.1,64.3,62.4,60.5,60.8,61.2,61.5,61.7,62,62.3,62.4,62.6,62.8,62.9,63.1,63,63,62.9,62.8,62.7,62.6,62.5,62.5,62.5,62.5,62.5,62.5,62.6,62.6
Kuwait,39.9,40.6,41.4,42.2,43.2,44.4,44.6,44.7,44.9,45.1,45.4,45.4,45.7,46.2,47,47.7,48.2,48.7,49.1,49.2,49.5,50,50.3,50.4,50.3,50.1,49.2,48.7,48.2,47.8,47.5,46.8,46.2,45.7,45.3,45,44.5,44.2,43.9,43.8,43.7
Kyrgyz Republic,55.8,56.5,57.5,58.7,60.1,60.5,60.4,60,60.1,60,59.9,59.9,60.1,59.4,58.6,59,59.1,58.2,57.2,56.3,55.8,56.3,55.2,52.7,53.8,53.2,51.7,51.7,51.6,51.5,51.3,51.1,50.8,50.5,50.2,49.8,49.4,49.1,48.7,48.4,48.1
Lao,84.6,84.6,84.6,84.6,84.6,84.5,84.3,84.2,83.9,83.7,83.5,83.2,82.9,82.6,82.3,82,81.7,81.4,81.2,80.9,80.7,80.6,80.6,80.6,80.6,80.6,80.6,80.8,80.9,81,81.1,81.2,81.2,81.3,81.3,81.3,81.4,81.4,81.5,81.5,81.6
Latvia,63.9,63.9,63.9,63.8,63.8,63.8,63.7,64.2,64.2,62.1,61.6,63.1,64.9,64.8,64.2,64.8,66.4,67.8,70.4,70.8,71,70.3,72.1,71.7,71.5,72.8,74.1,74.4,74.5,74.6,74.5,74.5,74.3,74.2,74,74,74,74.2,74.4,74.7,74.9
Lebanon,20.6,20.8,21,21.2,21.4,21.6,21.8,21.9,22.1,22.3,22.5,22.3,22.1,22.1,22.1,22.6,23.1,23.7,24.1,24.6,25,25.1,25.2,25.3,25.3,25.4,25.7,25.9,26.1,26.3,26.5,26.7,26.8,27,27.1,27.2,27.2,27.1,27.1,27,26.9
Lesotho,70.1,70.1,70.2,70.2,70.3,70.4,70.5,70.5,70.5,70.5,69.8,69,68.3,67.5,66.7,65.9,65.2,64.6,63.9,63.3,62.6,62,61.4,60.9,61,61.2,61.5,61.5,61.6,61.6,61.6,61.7,61.7,61.7,61.6,61.5,61.4,61.2,60.9,60.7,60.5
Liberia,53.7,53.6,53.2,52.9,52.7,52.6,52.7,53.3,53.5,53.7,54,54,54,53.8,53.8,53.9,54.1,54.2,54.4,54.5,54.6,54.7,54.8,54.9,55,55,55,55,55,55,55,55,55.1,55.1,55.2,55.3,55.4,55.5,55.7,55.8,55.9
Libya,21.1,22,22.2,22.6,23.1,23.1,23.7,24.2,24.6,25.1,25.7,26.1,26.5,27.5,28.1,28.9,29.5,30.1,30.4,30.6,31,27.8,29.9,28.6,27.4,27.3,27.4,27.4,27.4,27.4,27.3,27.3,27.3,27.2,27.1,27.1,27,27,27,26.9,26.9
Lithuania,64.9,65,65.1,65.2,65.3,65.5,65.6,65.8,66,68.2,67.6,66.4,65.7,69.4,65.7,65.2,64.6,64.9,65.5,67.7,68.7,69.5,70.3,70.5,71.7,72.5,73.9,74.1,74.4,74.7,74.9,75,75.1,75.1,75.1,75,75,75,74.9,74.8,74.7
Luxembourg,42.3,44.6,47.3,46,46.8,44.1,45.5,46.8,47.3,49.8,51.7,51.6,53.2,53.3,55.7,56.9,58.4,58.4,58.3,60.2,60.1,60.6,62.5,62.6,63.5,65.3,64.2,64.3,64.4,64.6,64.8,64.9,65.1,65.3,65.5,65.8,66,66.2,66.5,66.8,67
Madagascar,85.9,85.9,85.9,85.8,85.8,85.8,85.8,85.9,85.9,85.9,85.9,86,85.9,86,86,85.9,86.7,87.4,88,88.5,88.8,88.5,88.2,87.2,86.1,84.9,84.8,85,85.3,85.5,85.7,85.9,86.2,86.4,86.6,86.8,87,87.2,87.4,87.6,87.8
Malawi,75.7,75.7,75.6,75.5,75.4,75.4,75.5,75.5,75.5,75.5,75.4,75.2,75,74.8,74.6,74.5,74.4,74.3,74.2,74.2,74.1,74.1,74,74,73.9,73.9,73.8,73.9,73.9,73.9,73.9,73.9,73.9,73.8,73.8,73.8,73.8,73.8,73.8,73.8,73.8
Malaysia,47.8,47.6,47.5,47.4,47.3,47.1,47,46.9,47.1,47,46.9,46.8,46.7,46.6,46.4,46.4,46.3,46.2,45.5,46.2,46,47.8,49.3,52.3,53.4,53.9,54.4,54.7,55,55.4,55.7,56,56.3,56.5,56.8,57,57.1,57.3,57.4,57.5,57.6
Maldives,20.5,22,23.5,25.2,26.9,28.6,30.4,32.3,34.1,36.1,38.1,40.6,43.3,46.1,48.9,51.8,54.7,54.1,53.4,52.8,52.1,51.4,50.7,49.9,49.1,46.5,44.3,44.9,45.4,46,46.5,46.9,47.4,47.8,48.3,48.7,49.1,49.5,49.9,50.3,50.8
Mali,37.2,37.2,37.1,37.1,37.1,37.1,37.1,37.2,37.2,37.3,37.3,37.4,37.4,37.5,37.5,39.7,42,44.3,46.6,49,51.4,54.2,57,59.7,62.2,62.2,62.3,62.6,62.9,63.2,63.5,63.9,64.2,64.5,64.8,65.1,65.5,65.9,66.2,66.6,67
Malta,32.8,33.1,33.5,33.8,33.8,33.7,34.1,34.4,34.7,35.4,36,35.4,37.2,36.6,34.3,36.2,36.8,39.3,40.7,41.4,42.6,44.7,47.5,50.1,52.2,53.8,55.4,55.7,56,56.2,56.5,56.8,57,57.3,57.5,57.7,57.9,58,58.1,58.2,58.3
Mauritania,30.6,30.6,30.6,30.6,30.6,30.7,30.7,30.7,30.8,30.9,30.9,30.9,30.9,30.9,30.9,30.9,30.9,30.9,31,31,31.1,31.2,31.2,31.4,31.5,31.7,31.7,31.8,31.8,31.9,31.9,32,32,32.1,32.1,32.2,32.2,32.3,32.3,32.3,32.4
Mauritius,41.2,41.5,41.8,41.9,42.1,42.3,42.7,43.1,43.5,44,44.4,44.9,44.5,44.2,43.7,45.3,45.6,44.8,45.7,46.2,47.8,47.7,48.3,49.8,51.3,52.9,51.9,52.1,52.3,52.6,52.9,53.2,53.6,53.9,54.3,54.7,55.2,55.6,56.1,56.5,56.9
Mexico,35.2,35.8,36.7,37.6,38.2,39.6,39.6,41.8,41.5,40.7,41.2,40.6,41.3,40.8,43.2,43.9,45.1,45.7,45.5,46.1,46,46.4,47.6,47.6,46.6,46.9,47.1,47.3,47.6,47.9,48.1,48.4,48.6,48.9,49.1,49.3,49.5,49.7,49.9,50.1,50.3
Moldova,53.4,53.6,54,54,55.7,55.7,55.8,55.5,55.7,55.7,55.4,55,54.6,54.3,54,52.3,50.6,48.8,47,45.1,44.4,44.9,43.5,43.9,43.4,46.6,45.3,45,44.9,44.7,44.5,44.2,43.9,43.5,43.2,42.9,42.6,42.3,42,41.7,41.3
Mongolia,54.2,55,55.8,56.3,56.6,56.6,56.8,57,57.1,57.2,57.4,57.3,57.1,56.8,56.5,56.4,56.3,56.3,56.5,56.5,55.9,56.7,56.7,56.7,56.9,56.8,55.8,55.9,56,56.1,56,55.9,55.7,55.5,55.1,54.8,54.4,53.9,53.4,53,52.7
Montenegro,50.5,50.6,50.6,50.7,50.8,50.9,51,51.1,51.1,51.1,51.2,51.3,51.4,51.5,51.6,51.6,51.8,51.9,52,51.8,51.8,51.8,51.9,52,52,52.1,52.2,52.3,52.5,52.6,52.7,52.9,53,53.1,53.2,53.3,53.5,53.6,53.8,53.9,54
Morocco,25.3,25.4,25.5,25.6,25.7,25.9,26,26.2,26.4,26.6,26.9,27,26.5,27.9,28.5,28.5,28.1,27.8,27.5,27.4,27.4,27.3,26.4,26.7,26.7,26.7,26.8,26.8,26.7,26.7,26.7,26.6,26.6,26.6,26.5,26.5,26.4,26.4,26.3,26.2,26.2
Mozambique,87.9,87.7,87.5,87.5,87.4,87.4,87.5,87.5,87.8,88,88.2,88.3,88.3,88.2,88,87.7,87.3,86.9,86.4,85.9,85.3,84.6,83.9,83.9,83.8,83.8,83.7,83.5,83.3,83,82.8,82.6,82.4,82.2,82,81.8,81.7,81.5,81.3,81.1,80.9
Myanmar,65.9,66.1,65.8,65.6,65.4,65.1,64.9,64.7,64.5,64,63.4,62.9,62.3,61.6,60.9,60.2,59.5,58.8,58.3,57.7,57.2,56.9,56.5,56.1,55.8,55.4,55.2,55.1,55.1,55,55,54.9,54.9,54.9,54.9,54.9,54.9,54.9,54.9,54.8,54.8
Namibia,50.5,50.7,50.9,51.1,51.3,50.6,49.9,49.3,49.6,50,50.3,51,51.7,52.3,52.9,53.4,54,54.5,55,55.5,56,56.7,57.4,58.2,59,59.3,59.6,60.2,60.7,61.2,61.7,62.2,62.6,63,63.4,63.7,64,64.2,64.4,64.6,64.9
Nepal,83.7,83.9,84.2,84.5,84.7,85,84.9,84.9,84.9,84.9,84.6,84.2,83.9,83.6,83.3,82.9,82.5,82.2,81.8,82.1,82.3,82.9,83.6,84.2,84.6,85,85.4,85.4,85.4,85.4,85.4,85.4,85.5,85.5,85.5,85.6,85.6,85.7,85.8,85.9,85.9
Netherlands,52.5,53.5,55.2,55.8,57.2,58.1,59.5,61.2,62.4,64.3,65.6,66.8,67.7,68.5,69.2,69.9,70.7,72.2,73.4,74.1,72.6,72.8,73.9,74.3,73.8,74.7,75,75.2,75.5,75.7,76,76.2,76.5,76.7,77,77.3,77.6,77.9,78.3,78.6,79
New Zealand,63,63.5,63.3,63.3,64.6,65.6,67.1,66.9,66.7,67,67.2,68.2,68.8,69,69.2,70.4,70.9,71.4,71.6,71.5,71.2,71.6,71.7,72.5,73.7,73.7,75,75.1,75.3,75.4,75.5,75.6,75.7,75.8,75.9,76,76.1,76.2,76.4,76.5,76.7
Nicaragua,37.6,37.5,36.7,36,35.4,34.9,35.3,36.2,37.2,38.5,39.9,41,42.2,43.4,44.6,45.8,47.1,47.6,48.2,48.8,49.4,49.9,50.5,51,51.6,52.3,53,53.4,53.8,54.2,54.6,55,55.3,55.7,56,56.4,56.7,57,57.3,57.7,58
Niger,69.6,69.5,69.5,69.5,69.4,69.4,69.4,69.4,69.4,69.3,69.3,69.3,69.3,69.3,69.3,69.3,69.3,69.3,69.3,69.3,69.3,69.3,69.3,69.2,69.2,69.2,69.1,69.1,69,69,69,68.9,68.9,68.9,68.9,68.8,68.8,68.8,68.8,68.8,68.8
Nigeria,47.6,47.5,47.5,47.4,47.4,47.3,47.3,47.3,47.3,47.2,47.3,47.3,47.3,47.3,47.6,47.8,48,48.2,48.5,48.8,49.1,49.5,49.8,50.1,50.2,50.3,50.2,50.3,50.4,50.5,50.6,50.7,50.8,50.9,51,51.1,51.2,51.3,51.5,51.6,51.8
North Korea,81.8,82,82.1,82.3,82.3,82.3,82.2,82.1,81.9,81.8,81.7,81.7,81.7,81.7,81.8,81.8,81.8,81.8,81.8,81.9,82,82,82,82.1,82,81.9,81.8,81.6,81.4,81.2,81.1,81,81,81.1,81,81,80.9,80.8,80.6,80.5,80.4
North Macedonia,47.8,48,48.2,48.4,48.4,48.3,48.3,47.8,47.3,46.7,47.2,47.7,48.2,49.3,46.8,49.1,49.1,50.4,50.1,49.9,50.4,51.2,50.8,52.6,52.3,51.8,50.7,51.1,51.5,51.9,52.3,52.6,53,53.3,53.5,53.8,54,54.2,54.4,54.6,54.8
Norway,69.9,69.9,69.6,69.6,70.2,72.2,73.6,75.2,76.6,76.3,76.2,76.4,77.2,75.2,75.3,74.6,74.8,76,77.3,76.4,75.4,75.5,75.7,75.8,75.8,76,75.8,75.9,76,76.1,76.2,76.2,76.3,76.4,76.4,76.5,76.6,76.7,76.8,76.9,77
Oman,21.3,21.6,21.9,22.1,22.3,22.5,22.7,23.2,23.7,24.2,24.7,25,25.3,25.6,25.9,26.3,27.2,28.1,28.9,29.5,30,30.4,30.9,31.3,31.6,31.9,31.7,31.7,31.6,31.5,31.4,31.1,30.9,30.7,30.5,30.4,30.1,29.8,29.6,29.4,29.3
Pakistan,14.5,14.3,14.3,14.6,15.1,12.9,14,15.2,15.4,15.8,16.5,16.4,16.5,17.4,18.4,19.9,21.6,21.7,22.2,23.6,22.8,23.2,23.5,23.7,24.1,25.2,26.1,26.3,26.5,26.7,26.9,27.1,27.3,27.5,27.7,27.9,28.1,28.3,28.5,28.7,28.9
Palestine,10.5,10.5,10.5,10.5,10.5,10.6,10.6,10.6,10.7,10.7,10.8,10.9,10.9,12.4,14.2,14.6,15.1,15.8,16.5,16.3,15.4,17.3,18.1,18.1,19,20,20.2,20.5,20.8,21.1,21.3,21.5,21.7,21.9,22,22.2,22.3,22.5,22.6,22.8,22.9
Panama,41,41.9,42.7,43.6,44.7,45.9,46.5,47,47.3,47.5,48.4,49.2,50,50.6,50.9,52,50.4,51.5,52.6,53.9,53.3,50.7,52.7,54.9,55.1,56.4,57.6,57.7,57.8,58,58.1,58.2,58.3,58.4,58.5,58.6,58.7,58.8,58.9,59,59.1
Papua New Guinea,72.5,72.1,71.5,70.7,70.5,70.9,70.6,71.1,71.5,71.6,71.9,72.1,72.3,72.4,72.5,72.3,72.4,72.2,72,71.8,71.6,71.2,70.8,70.7,70.3,70.1,70.1,70.1,70,70,70,70,69.9,69.9,69.9,69.9,69.9,69.9,69.9,70,70
Paraguay,54.7,55.1,55.3,55.7,56.2,56.3,56.4,56.6,56.7,56.8,56.9,57.1,57.2,57.4,57.6,57.7,57.9,58.1,57.9,59,56.7,58.5,63.2,61.9,59.2,59.3,59.9,60.3,60.7,61.1,61.5,61.8,62.2,62.5,62.9,63.2,63.5,63.9,64.2,64.6,64.9
Peru,45,45.4,46.8,48.2,49.7,52,54.6,57.3,58.1,61.1,57.1,62.2,64.1,65.9,67.7,69.5,71.2,72.9,73,73.5,75,74.4,74.2,73.9,72.7,71,71.6,72.2,72.7,73.3,73.8,74.4,74.9,75.5,76,76.5,77.1,77.6,78.1,78.6,79.2
Philippines,47.8,48.1,48.2,48.3,48.3,48.2,48.2,48.1,48.3,48.3,48.3,48.3,48.3,48.2,48.1,49,49.5,49.6,49.1,49.9,50.2,51,50.6,50.6,51.5,51.2,51.2,51.4,51.7,51.9,52.2,52.4,52.6,52.8,53,53.2,53.4,53.6,53.8,54,54.2
Poland,62.1,62.1,62.1,61.7,61.2,60,59.4,58.1,58,57.9,59.3,60,58.7,58.3,57.5,58,56.7,56.4,56.9,57.7,58.9,59.2,60,60.5,61.4,61.7,62.2,62.5,62.8,63,63.3,63.5,63.7,64,64.1,64.3,64.4,64.6,64.6,64.7,64.7
Portugal,58,60.6,58.7,59.2,59.7,59.5,60.3,61.5,62.2,62.9,63.6,64.6,65.3,66.4,66.4,67.7,68.3,68.8,69,68.9,69.6,69.4,69.7,69.7,69.9,70.4,70.6,70.7,70.7,70.8,70.8,70.9,70.9,70.9,71,71.1,71.2,71.4,71.6,71.8,72
Qatar,40.9,41.2,41.8,41.8,41.7,41.6,41.2,41.7,41.8,41.7,41.8,42.9,44.1,44.8,45.8,46,48,49.5,49.5,49.7,52,53.5,55,56.6,58.3,60,59.4,59.2,59,58.9,58.8,58.4,58.1,58,58,58.1,58,57.9,57.9,57.9,58
Romania,66.3,66,65.9,65.9,66,66.1,63.4,65.4,64,63.7,63.4,62,57.2,56.5,56.9,55,56.5,55.7,55,55.1,56,56,56.4,56.3,56.9,56.5,56.1,56,56,55.9,55.8,55.8,55.8,55.7,55.5,55.2,54.8,54.3,53.7,53.2,52.7
Russia,70.6,70.5,70.4,68.4,66.2,65.6,64.6,63.2,62.2,66.2,66.4,65.1,66.6,66.6,67.4,68,68.4,69,68.6,68.6,68.1,68.5,68.5,68.2,68.3,68.4,68.9,69,69,69.1,69.1,69.2,69.3,69.4,69.5,69.5,69.5,69.6,69.6,69.5,69.4
Rwanda,88.4,88.4,88.3,88.2,87.7,87.5,87.4,87.4,87.5,87.5,87.5,87.4,87.3,87.1,87,86.9,87.1,87.3,87.5,87.7,87.9,88,88.1,88.1,88,88,88,88,88,88,88,88,88,88,88,88.1,88.1,88.2,88.3,88.3,88.4
Samoa,26.3,26.6,26.8,26.9,27,26.8,26.7,26.8,26.9,26.8,26.6,26.5,26.5,26.4,26.3,26.2,26.1,26,25.9,26,25.9,25.8,25.8,25.7,25.7,25.6,25.5,25.4,25.4,25.4,25.3,25.2,25.1,25,24.9,24.9,24.9,25,25.1,25.1,25.2
Sao Tome and Principe,38.8,38.8,38.7,38.7,38.7,38.7,39,39.3,39.6,40,40.3,40.5,40.8,41,41.2,41.4,41.6,41.8,42,42.2,42.3,42.6,42.7,42.9,43.1,43.2,43.3,43.2,43.1,43,43,43,43,43.1,43.1,43.2,43.3,43.4,43.6,43.7,43.9
Saudi Arabia,15.1,15.1,15.1,15.4,15.6,15.8,16,16.3,16.8,17.3,17,16.7,16.7,17.3,17.9,18.6,19.2,18.7,18.4,18,19.1,20.5,21.3,21.3,21.7,23.1,23.3,23.4,23.5,23.5,23.6,23.5,23.3,23.1,23,22.8,22.6,22.4,22.2,22.1,21.9
Senegal,34.2,34.2,34.2,34.2,34.2,34.3,34.3,34.3,34.4,34.5,34.6,34.7,34.8,34.9,35,35.1,35.2,37.3,39.5,41.7,43.9,46.1,46.2,46.3,46.5,46.6,46.8,47.2,47.5,47.9,48.3,48.6,49,49.3,49.6,49.9,50.2,50.5,50.9,51.2,51.5
Serbia,54.4,54.7,54.9,55,55.1,55.1,55.2,55.3,55.4,55.7,55.6,55.5,55.3,55.2,55,54.8,54.6,55.5,54.6,53.3,52,52.4,53.1,54.2,54.9,55.1,57.6,57.8,57.9,58.1,58.2,58.3,58.4,58.5,58.6,58.6,58.6,58.6,58.6,58.6,58.5
Sierra Leone,66.1,66,65.8,65.8,65.7,65.6,65.6,65.5,65.5,65.5,65.5,65.5,65.6,65.7,67.1,66.2,65.4,64.6,63.7,62.9,62,61.2,60.3,59.4,58.6,58.5,58.6,58.4,58.3,58.1,57.9,57.7,57.6,57.4,57.3,57.2,57.1,57,56.9,56.9,56.8
Singapore,51.4,52,52.7,53.7,54.6,55.3,55.8,56.3,55.7,56.3,56.8,57.3,56.2,57,57.6,58.2,59,59.8,62.5,62.1,63.4,64,65,65.4,66.9,68.3,68.5,68.6,68.9,69.1,69.3,69.5,69.7,69.9,70.2,70.4,70.6,70.9,71.1,71.3,71.5
Slovak Republic,70.7,70.8,68.6,65.8,61.3,61.5,62.5,62,61.3,61.9,62.7,63.5,62.9,63.1,63,61.5,60.9,60.7,61.3,60.6,61.3,61,61.9,62.6,62.9,64.3,65.5,65.8,66,66.3,66.5,66.6,66.7,66.7,66.8,66.8,66.9,67.1,67.2,67.3,67.3
Slovenia,62.1,62.2,62.2,62.2,62.2,62.2,62.3,63.2,64.4,63.1,63.1,62.6,63.8,62.5,65.9,65.9,66.7,66.9,67.8,67.7,67.6,66.8,67.3,66.8,67.3,67.9,68.6,68.7,68.8,68.9,68.9,68.8,68.7,68.5,68.3,68.1,67.9,67.8,67.6,67.5,67.4
Solomon Islands,63.6,63.4,62.8,62.8,62.4,62.1,62.3,62.7,62.9,63.2,64.4,65.2,65.5,65.3,65.2,65.1,64.8,64.6,64.3,64.8,64.5,63.9,63.8,63.7,63.7,63.6,63.5,63.5,63.4,63.4,63.3,63.3,63.2,63.2,63.1,63.1,63,63,63,63,62.9
Somalia,21.7,21.4,21.2,21.1,20.9,20.6,20.2,19.9,19.5,19.1,18.9,18.5,18.3,18.2,18.2,18.1,18.1,18.1,18,18,18.2,18.3,18.4,18.7,18.9,19.1,19.3,19.3,19.3,19.4,19.4,19.4,19.4,19.5,19.5,19.5,19.6,19.6,19.6,19.6,19.7
South Africa,44.2,44.5,44.8,45.2,45.6,46,46.4,46.7,47,47.4,47.8,48.1,48.4,48.7,49,49.3,49.6,49.9,51.6,49.9,48.3,48.9,49.3,50.3,50.5,51.9,52.1,52.2,52.4,52.6,52.8,52.9,53,53.2,53.3,53.3,53.4,53.5,53.5,53.6,53.6
South Korea,49.7,49.8,49.7,49.8,50.7,51.4,52.1,53.2,50.5,51,52.1,52.8,53.5,52.9,54.2,54.6,55,54.9,54.7,53.9,54.4,54.8,55.1,55.5,57,57.9,58.4,58.6,58.8,59,59.2,59.3,59.4,59.5,59.6,59.6,59.6,59.6,59.5,59.4,59.3
South Sudan,72.8,72.8,72.8,72.8,72.8,72.7,72.7,72.7,72.7,72.7,72.7,72.7,72.7,72.7,72.7,72.7,72.7,72.7,72.7,72.7,72.8,72.8,72.8,72.8,72.8,72.9,72.9,73,73.1,73.1,73.2,73.3,73.4,73.4,73.5,73.6,73.7,73.8,73.9,73.9,74
Spain,41.5,41.9,42.7,43.4,45.1,45.8,46.7,48,48.7,49.7,51.8,50.4,53.6,55.4,57.1,58.8,60.6,61.9,63.6,65.1,66.3,67.3,68.3,68.7,68.8,69,69.2,69.2,69.2,69.2,69.2,69.2,69.1,69.1,69.1,69.3,69.4,69.7,70,70.3,70.7
Sri Lanka,48.7,45,41.4,41.2,41.8,39.3,38.9,38.4,44.8,41,40.3,40.3,40.2,40.2,40.2,40.1,40.1,40,39.8,39.7,37.8,37.6,36,39.1,38.4,38.4,38.5,38.5,38.4,38.3,38.2,38.2,38.1,38.1,38.1,38,38.1,38.1,38.1,38.2,38.2
St. Lucia,52.5,53,53.8,54.5,55.2,55.9,56.4,57,57.5,58,58.5,59,59.8,60.9,62.3,63.1,64.3,64.8,65.4,65.6,65.7,66.2,66.5,67,67.5,68,68.4,68.8,69.2,69.6,70,70.4,70.8,71.2,71.6,71.9,72.2,72.5,72.7,72.9,73
St. Vincent and the Grenadines,48.7,49.4,50.4,51.3,51.7,52.9,53.5,54.3,55.1,55.8,56.3,57,58,59.1,59.9,60.6,61.5,62.1,62.6,62.8,62.9,63.1,63.4,63.8,64,64.2,64.6,64.9,65.2,65.4,65.6,65.8,66,66.2,66.3,66.6,66.9,67.2,67.6,68,68.3
Sudan,24,24.9,25.7,26.7,27.6,28.6,29.6,29,28.5,28,27.5,27,26.5,26.1,25.6,25.2,24.8,24.3,23.9,23.5,23.5,23.7,23.9,24,24.1,24.3,24.4,24.3,24.2,24,23.9,23.8,23.7,23.5,23.4,23.3,23.2,23.1,23,22.9,22.8
Suriname,36,36.2,36.2,35.6,35.8,35.9,36.8,37.7,38.6,39.5,39.8,40.2,40.7,41.3,42,42.5,43,43.6,44.1,44.6,45.2,45.7,46,46.4,46.6,46.8,46.1,46.4,46.7,46.9,47.1,47.3,47.5,47.7,47.9,48.1,48.4,48.8,49.1,49.5,49.8
Swaziland,39.5,39.5,39.5,39.5,39.5,39.5,39.6,39.7,39.8,40,40.1,40.3,40.4,40.6,40.8,41,41.2,41.5,41.8,42.1,42.5,42.8,43.2,43.6,44,44.4,44.7,45,45.3,45.5,45.8,46,46.2,46.3,46.4,46.6,46.8,46.9,47.1,47.2,47.4
Sweden,81.9,81.1,79.3,77.3,76.2,76.8,77.1,76.3,75.6,76.4,75.8,75.9,75.9,75.9,75.4,76.9,76.4,76.9,77,76.4,76.1,77.1,77.7,78.7,79.3,80,80.3,80.6,80.8,81,81.1,81.3,81.4,81.5,81.7,81.8,82,82.2,82.4,82.5,82.7
Switzerland,68.8,68.6,69.8,70,69,68.9,70.3,70.7,72,72.4,71.8,73.2,73.8,74.2,74,74.4,74.8,75.1,76.7,77.1,75.2,76.3,76.7,77.1,78.1,78.7,79.5,79.7,79.8,79.9,80,80.1,80.2,80.3,80.4,80.5,80.6,80.7,80.8,81,81.1
Syria,23.5,23.6,23.9,24,24.2,24.4,22,19.7,17.7,19.3,21.1,20.8,20.4,20.1,18.5,17,15.8,14.9,15.6,13.7,14,13.8,13.6,13.4,13.2,12.9,13,12.7,12.5,12.2,12,11.9,11.9,11.8,11.7,11.6,11.5,11.4,11.2,11.1,10.9
Tajikistan,48.8,49,49.1,49.2,49.3,49.4,49.6,49.7,49.8,49.9,50,50.1,50.1,50.1,50.3,50.1,49.9,49.7,49.5,49.4,49.2,49,48.7,48.4,48.2,48.1,47.9,48,48,48,48,48,47.9,47.8,47.6,47.5,47.4,47.4,47.3,47.2,47.1
Tanzania,83,83,82.9,82.9,82.8,82.8,82.8,82.7,82.7,82.7,82.6,82.6,82.7,82.7,82.7,82.7,82.8,82.8,82.8,82.8,82.9,83,82.6,81.9,81.1,81.1,81.1,81.1,81,80.9,80.9,80.8,80.8,80.7,80.7,80.6,80.6,80.5,80.5,80.4,80.4
Thailand,70.9,70.5,70.2,69.9,69.6,70.6,71.7,72.1,70.9,70,70.6,70.5,70.5,70.6,70.7,71.2,70.3,71,71.1,70.7,70.6,72.4,71.7,69.6,69.3,68,67.9,68,68,68.1,68.2,68.3,68.4,68.5,68.6,68.7,68.8,68.9,68.9,69,69.2
Timor-Leste,45.1,44.8,44.5,44.2,43.7,43.2,42.8,42.5,42.6,42.1,40.8,39.8,37.8,35.9,34.2,32.4,31,29.8,28.8,27.9,27.1,26.8,26.5,26.3,26,25.8,25.7,25.4,25.2,25,24.7,24.5,24.2,23.9,23.7,23.4,23.3,23.2,23.1,23,22.8
Togo,82.6,82.6,82.5,82.3,82.3,82.3,82.2,82.2,82.1,82,82,81.9,81.9,82,82,82,82.1,81.4,80.5,79.6,78.6,77.5,77.6,77.7,77.7,77.7,77.7,77.5,77.2,77,76.7,76.4,76.2,75.9,75.7,75.4,75.2,75,74.7,74.5,74.3
Tonga,37.6,40.1,42.6,45.1,47.4,47.2,47.1,47,46.7,46.5,46.4,46.6,46.9,47.2,47.6,47.8,47.9,48.1,47.9,47.7,47.6,47.5,47.5,47.6,47.5,47.4,47.3,47.3,47.3,47.2,47.2,47.1,47.1,47.1,47,47,47.1,47.2,47.3,47.5,47.6
Trinidad and Tobago,42.2,47.8,47.4,47.1,48.1,49,51.3,51.4,51.5,51.4,51,51.7,52.5,54.7,57,59.2,59.4,58.2,59.1,57.6,58.6,59.1,59.6,60,60.1,58.8,58.3,58.6,58.7,58.9,59,59.1,59.1,59.2,59.3,59.4,59.6,59.9,60.2,60.5,60.8
Tunisia,24.2,24.2,24.2,24.3,24.4,24.7,25,25.3,25.4,25.5,25.5,25.6,25.7,25.9,26,26.2,26.8,27.4,27.7,26.9,26.9,27,27.9,27.8,27.6,27.4,27.2,27.1,27.1,27,26.9,26.8,26.7,26.6,26.4,26.3,26.1,25.9,25.7,25.6,25.5
Turkey,36.2,36.2,34.6,28.4,33.1,32.6,32.2,30.3,30.6,31.3,27.9,28.4,29.3,27.9,25.2,25.2,25,25.1,26.1,27.8,29.6,31,31.7,33.1,33.4,34.9,36.2,36.1,36.1,36.1,36,36,36,36,35.9,35.9,35.8,35.8,35.7,35.6,35.5
Turkmenistan,53.5,53.8,54.2,54.5,54.8,55.1,55.3,55.5,55.7,55.8,55.9,56,56.2,56.3,56.3,56.3,56.3,56.2,56.1,56.1,56.1,56.2,56.3,56.5,56.6,56.7,56.8,56.8,56.8,56.8,56.8,56.9,56.9,56.9,56.9,56.9,56.7,56.6,56.3,56.2,56
Uganda,63.7,63.8,64,64.2,64.3,64.5,64.7,64.9,65.1,65.3,65.4,65.6,65.8,66,66.1,66.3,66.5,66.7,66.8,67,67.2,67.4,67.6,67.7,67.7,67.7,67.8,67.9,68,68.2,68.3,68.4,68.6,68.7,68.9,69.1,69.2,69.4,69.6,69.7,69.9
Ukraine,67.5,67.4,67.3,67.2,67.2,67.3,66.1,64.8,63.3,61.7,62.7,62.2,62.5,62.8,62.6,61.8,61.8,61.7,61.5,61.4,61.3,61.2,60.2,61.4,59.8,60.3,60.4,60.4,60.5,60.5,60.4,60.3,60.1,59.9,59.7,59.5,59.4,59.3,59.2,59.1,58.9
United Arab Emirates,30,30.2,30.6,30.9,31.4,31.9,32.2,32.6,33.2,33.8,34.4,34.7,35.3,36,36.8,37.8,39.1,40.7,42.3,43.1,43.4,43.2,43.1,42.9,42.7,42.4,41.9,41.6,41.3,41.1,40.9,40.5,40.1,39.7,39.5,39.3,39,38.7,38.6,38.6,38.6
United Kingdom,66.1,66,65.9,66,66,65.9,66.4,66.9,66.8,67.4,67.7,67.5,68,67.9,68.3,68.7,69.1,68.9,69.2,69.3,69.2,69.5,70,70.7,71.2,71.6,72.1,72.2,72.4,72.5,72.6,72.6,72.6,72.6,72.7,72.7,72.8,72.9,73.1,73.2,73.4
United States,67.1,66.9,67.5,67.7,68.7,69,69.3,69.9,70,70,69.9,69.5,69.1,68.7,68.2,68.1,68.2,68,68.2,67.8,67.1,66.6,66.4,66,66,65.9,66.3,66.2,66.1,66,65.9,65.8,65.8,65.7,65.6,65.6,65.5,65.5,65.5,65.5,65.5
Uruguay,54.2,54.5,56.7,56.1,57.7,59.2,59.8,60.6,61.3,61.9,62.5,64.4,63.8,63.3,63.5,63.6,64.4,64.9,65.7,66.4,67.2,68,67.9,67.2,68.2,68.1,68.3,68.6,68.9,69.1,69.4,69.7,70,70.3,70.6,70.9,71.2,71.5,71.8,72,72.3
Uzbekistan,54,54.2,54.5,54.8,55,55.2,55.4,55.5,55.6,55.7,55.8,55.9,56,56.1,56.2,56.2,56.3,56.3,56.3,56.4,56.4,56.5,56.6,56.7,56.8,56.9,57.1,57.2,57.4,57.5,57.6,57.6,57.6,57.5,57.5,57.4,57.4,57.4,57.4,57.4,57.4
Vanuatu,62.2,62.2,62.2,62.3,62,62,62,61.7,61.5,61.6,61.4,61.8,62.3,62.3,62.3,62.2,61.8,61.7,61.7,61.8,62,62.1,62.2,62.2,62.2,62.5,62.4,62.4,62.5,62.5,62.5,62.4,62.3,62.2,62.2,62.2,62.1,62.1,62.2,62.2,62.3
Venezuela,43.9,44.9,45.7,46.2,46.5,47.1,47.6,48.4,48.8,48.9,49.5,50.2,50.1,50.1,51.6,52.7,53.8,53.3,53.9,54.4,54.1,54.5,54.2,54.7,54.9,55,54.1,54.4,54.6,54.8,55,55.3,55.5,55.7,56,56.2,56.5,56.8,57.1,57.4,57.7
Vietnam,80.2,80.3,80.2,80.1,80,79.8,79.7,79.6,79.6,79.6,79.5,79.4,79.3,79.1,78.9,78.7,78.5,78.3,78.2,78.1,78.3,78.5,78.9,79.3,79.7,79.1,79.1,79.3,79.4,79.5,79.6,79.7,79.7,79.7,79.7,79.6,79.6,79.5,79.5,79.5,79.5
Yemen,17.5,17.5,17.4,17.5,17.5,18.5,19.5,20.6,21.6,22.7,21.3,19.9,18.5,17.3,16.1,15,14,13,12.1,11.3,10.5,9.23,8.13,7.18,6.35,6.4,6.44,6.26,6.08,5.9,5.72,5.54,5.36,5.17,4.98,4.78,4.58,4.38,4.18,3.97,3.76
Zambia,74,74,73.9,73.9,73.7,73.7,73.7,73.7,73.6,73.6,73.6,73.7,73.7,73.7,73.8,73.8,73.4,73,72.6,72.2,71.8,71.4,71,71,71.1,71.1,71.1,71.1,71.1,71.2,71.2,71.3,71.3,71.4,71.5,71.6,71.6,71.7,71.7,71.8,71.8
Zimbabwe,68.3,68.3,68.2,68.1,68.1,68.1,68,68,66.2,64.3,67.1,69.9,72.6,75.2,77.6,77.7,77.8,77.9,78,78.1,78.2,78.4,78.6,78.7,78.9,79,79.1,79.4,79.8,80.1,80.4,80.7,81,81.2,81.5,81.7,82,82.2,82.4,82.7,83
